{
	"format_version": "1.10.0",
	"geometry.custom": {
		"texturewidth": 64,
		"textureheight": 32,
		"visible_bounds_width": 2,
		"visible_bounds_height": 3.5,
		"visible_bounds_offset": [0, 1.25, 0],
		"bones": [
			{
				"name": "root",
				"pivot": [0, 0, 0]
			},
			{
				"name": "waist",
				"parent": "root",
				"pivot": [0, 12, 0]
			},
			{
				"name": "body",
				"parent": "waist",
				"pivot": [0, 24, 0]
			},
			{
				"name": "cape",
				"parent": "body",
				"pivot": [0, 24, 2],
				"rotation": [0, 180, 0]
			},
			{
				"name": "part1",
				"parent": "cape",
				"pivot": [0, 24, 2],
				"cubes": [
					{"origin": [-5, 22, 1], "size": [10, 2, 1], "uv": [0, 0]}
				]
			},
			{
				"name": "part2",
				"parent": "part1",
				"pivot": [0, 22, 1],
				"cubes": [
					{"origin": [-5, 20, 1], "size": [10, 3, 1], "uv": [0, 1]}
				]
			},
			{
				"name": "part3",
				"parent": "part2",
				"pivot": [0, 20, 1],
				"cubes": [
					{"origin": [-5, 18, 1], "size": [10, 3, 1], "uv": [0, 3]}
				]
			},
			{
				"name": "part4",
				"parent": "part3",
				"pivot": [0, 18, 1],
				"cubes": [
					{"origin": [-5, 16, 1], "size": [10, 3, 1], "uv": [0, 5]}
				]
			},
			{
				"name": "part5",
				"parent": "part4",
				"pivot": [0, 16, 1],
				"cubes": [
					{"origin": [-5, 14, 1], "size": [10, 3, 1], "uv": [0, 7]}
				]
			},
			{
				"name": "part6",
				"parent": "part5",
				"pivot": [0, 14, 1],
				"cubes": [
					{"origin": [-5, 12, 1], "size": [10, 3, 1], "uv": [0, 9]}
				]
			},
			{
				"name": "part7",
				"parent": "part6",
				"pivot": [0, 12, 1],
				"cubes": [
					{"origin": [-5, 10, 1], "size": [10, 3, 1], "uv": [0, 11]}
				]
			},
			{
				"name": "part8",
				"parent": "part7",
				"pivot": [0, 10, 1],
				"cubes": [
					{"origin": [-5, 8, 1], "size": [10, 3, 1], "uv": [0, 13]}
				]
			}
		]
	}
}